desc,KEY
입문자 패키지,20101
숙련자 패키지,20102
전문가 패키지,20103
마스터 패키지,20104
챔피온 패키지,20105
웰컴 드래곤 뽑기 상자,20106
웰컴 펫 뽑기 상자,20107
얼티메이트 패키지,20108
영롱한 다이아 패키지,50001
알뜰한 배터리 패키지,50002
고용량 배터리 패키지,50003
대용량 배터리 패키지,50004
알뜰 성장 패키지,50005
빠른 성장 패키지,50006
쾌속 성장 패키지,50007
펫 종합성장 패키지,50008
슈퍼 성장 패키지,50009
주간 성장 혜택_지하 던전 입문 박스,50010
주간 성장 혜택_지하 던전 상급 박스,50011
매일 다이아 패키지,50101
매일 드래곤 뽑기 상자,50102
매일 펫 뽑기 상자,50103
매일 잼블록 파밍 패키지,50104
매일 타운 성장 패키지,50105
영롱한 스킬 패키지,60001
빛나는 스킬 패키지,60002
찬란한 스킬 패키지,60003
탱 스킬 패키지,60004
딜탱 스킬 패키지,60005
암살 스킬 패키지,60006
원딜 스킬 패키지,60007
광딜 스킬 패키지,60008
서폿 스킬 패키지,60009
중급자 배터리 팩,60101
상급자 배터리 팩,60102
지하 던전 입문 바구니,60103
지하 던전 상급 바구니,60104
드래곤 슈퍼성장 팩,60105
펫 슈퍼성장 팩,60106
주간 타운 성장 패키지,60108
한가위 패키지1,70002
한가위 패키지2,70003
한가위 패키지3,70004
한가위 패키지4,70005
마스터 패키지,70006
챌린저 패키지,70007
챔피온 패키지,70008
할로윈 패키지,70009
마녀 선물 패키지,70010
일반 스킬 패키지,70101
강화 스킬 패키지,70102
마스터 스킬 패키지,70103
탱커 전용 스킬 세트,70104
워리어 전용 스킬 세트,70105
어쌔신 전용 스킬 세트,70106
스나이퍼 전용 스킬 세트,70107
봄버 전용 스킬 세트,70108
서포터 전용 스킬 세트,70109
최상급 드래곤 뽑기 패키지,80101
마스터 펫 뽑기 패키지,80102
성장의 정수 패키지,80103
고급 드래곤 뽑기 패키지,80104
고급 펫 뽑기 패키지,80105
다이아 꾸러미,90002
다이아 보따리,90003
다이아 상자,90004
영롱한 다이아 상자,90005
빛나는 다이아 상자,90006
찬란한 다이아 상자,90007
웰컴 팩,90101
펫과 함께 팩,90102
가성비 팩,90103
월드 진입 팩,90104
월드 탐험 팩,90105
월드 공략 팩,90106
월드 돌파 팩,90107
월드 정복 팩,90108
월드 마스터 팩,90109
아레나의 증표,90110
타운 구축 상자,90111
타운 여행 상자,90112
타운 성장 상자,90113
타운 발전 상자,90114
타운 완성 상자,90115
던전 준비 상자,90116
다이아 묶음 ,99999
스토어 1위 기념 상품2,200016
스토어 1위 기념 상품3,200017
런칭기념패키지1,90901
런칭기념패키지2,90902
런칭기념패키지3,90903
초특가! 유니크 패키지,20110
패시브 스킬 큐브 패키지,60107
Lv.1 스페셜 스킬 큐브 패키지,90117
Lv.2 스페셜 스킬 큐브 패키지,90118
Lv.3 스페셜 스킬 큐브 패키지,90119
드래곤 초월 패키지,90120
월간 점핑 패키지,80107
레거시 크라운: 드래곤 에디션,20114
레거시 크라운: 펫 에디션,20115
월간 성장 패키지,80108
고급 픽업 패키지_할싱세라피나,20116
얼티밋 픽업 패키지_실키드,20117
고급 픽업 패키지_실키드,20118
일반 픽업 패키지_실키드,20119
제련소 지원 패키지,20111
나침반 평생 지원 패키지,20112
입문자 패키지,20120
전문가 패키지,20122
마스터 패키지,20123
챔피온 패키지,20124
레거시 크라운: 드래곤 에디션,20130
레거시 크라운: 펫 에디션,20131
웰컴 드래곤 뽑기 상자,20126
웰컴 펫 뽑기 상자,20127
슈퍼 점핑 패키지,20136
레전더리 패키지,20135
평생 지원 패키지1,40002
평생 지원 패키지2,40003
월간 다이아 패키지,40004
월간 뽑기 패키지,40005
매일 다이아 패키지,50106
매일 드래곤 뽑기 상자,50107
매일 펫 뽑기 상자,50108
매일 타운 성장 패키지,50109
중급자 배터리 팩,60109
상급자 배터리 팩,60110
드래곤 슈퍼성장 팩,60111
펫 슈퍼성장 팩,60112
패시브 스킬 큐브 패키지,60113
일반 스킬 패키지,70110
강화 스킬 패키지,70111
마스터 스킬 패키지,70112
탱커 전용 스킬 세트,70113
워리어 전용 스킬 세트,70114
어쌔신 전용 스킬 세트,70115
스나이퍼 전용 스킬 세트,70116
봄버 전용 스킬 세트,70117
서포터 전용 스킬 세트,70118
월간 나침반 패키지,80106
최상급 드래곤 뽑기 패키지,80109
마스터 펫 뽑기 패키지,80110
성장의 정수 패키지,80111
고급 드래곤 뽑기 패키지,80112
고급 펫 뽑기 패키지,80113
웰컴 팩,90121
펫과 함께 팩,90122
가성비 팩,90123
월드 진입 팩,90124
월드 탐험 팩,90125
월드 공략 팩,90126
월드 돌파 팩,90127
월드 정복 팩,90128
월드 마스터 팩,90129
아레나의 증표,90130
타운 구축 상자,90131
타운 여행 상자,90132
타운 성장 상자,90133
타운 발전 상자,90134
타운 완성 상자,90135
던전 준비 상자,90136
Lv.1 스페셜 스킬 큐브 패키지,90137
Lv.2 스페셜 스킬 큐브 패키지,90138
Lv.3 스페셜 스킬 큐브 패키지,90139
드래곤 초월 패키지,90140
루나 성장 패키지,1015000
스컬리온 성장 패키지,1015001
섀도우슬래셔 성장 패키지,1015002
아퀼라 성장 패키지,1015003
블루팜프 성장 패키지,1015004
리온 성장 패키지,1015005
밤그림자 레드피어 성장 패키지,1015006
시린 성장 패키지,1015007
네모시스 성장 패키지,1015008
테라톤 성장 패키지,1015009
라피엘 성장 패키지,1015010
트릭스타 성장 패키지,1015011
티탄 성장 패키지,1015012
드라센티넬 로지 성장 패키지,1015013
카이저 성장 패키지,1015014
랜시아 성장 패키지,1015015
드라센티넬 아쿠아 성장 패키지,1015016
실버아이 성장 패키지,1015017
드라센티넬 벤투스 성장 패키지,1015018
겐조 성장 패키지,1015019
클라리엘 성장 패키지,1015020
헤스페라 성장 패키지,1015021
헥사 성장 패키지,1015022
드라카리스 성장 패키지,1015023
토르디스 성장 패키지,1015024
무적 성장 패키지,1015025
드라센티넬 이그니스 성장 패키지,1015026
제트피스트 성장 패키지,1015027
아르카누스 성장 패키지,1015028
드라센티넬 루미너스 성장 패키지,1015029
엘리디안 성장 패키지,1015030
코스모워커 성장 패키지,1015031
드라센티넬 옵스쿠라 성장 패키지,1015032
다크스칼렛 성장 패키지,1015033
그림리퍼 성장 패키지,1015034
프라이데이 성장 패키지,1015035
세실 성장 패키지,1015036
플로티 성장 패키지,1015037
세인트 콜라스 성장 패키지,1015038
베론 성장 패키지,1015039
타니아 성장 패키지,1015040
골든 나이트 성장 패키지,1015041
프레이 성장 패키지,1015042
할싱 성장 패키지,1015043
세라피나 성장 패키지,1015044
파이퍼 성장 패키지,1015045
매드체인 릭 성장 패키지,1015046
엔젤 성장 패키지,1015048
지니 성장 패키지,1015049
위너 성장 패키지,1015050
하이머 성장 패키지,1015051
실키드 성장 패키지,1015052
마시아프 성장 패키지,1015053
네드랜드 성장 패키지,1015054
루시나 성장 패키지,1015055
가론 성장 패키지,1015056
기메르 성장 패키지,1015057
시모 성장 패키지,1015058
획득시성장 풀리안,1015059
획득시성장 데바스,1015060
글레어 성장 패키지,1015061
마레인 성장 패키지,1015062
다이아 330 세트,100101
다이아 550 세트,100102
다이아 1100 세트,100103
다이아 2200 세트,100104
빛나는 다이아 보따리,100105
프리미엄 다이아 상자,100106
로열 다이아 상자,100107
얼티밋 픽업 패키지_하이머,20132
고급 픽업 패키지_하이머,20133
일반 픽업 패키지_하이머,20134
얼티밋 픽업 패키지_시모,20147
고급 픽업 패키지_시모,20148
일반 픽업 패키지_시모,20149
얼티밋 픽업 패키지_2011,20150
고급 픽업 패키지_2011,20151
일반 픽업 패키지_2011,20152
얼티밋 픽업 패키지_0304,20153
고급 픽업 패키지_0304,20154
일반 픽업 패키지_0304,20155
신규 서버 기념 패키지 1,200018
신규 서버 기념 패키지 2,200019
신규 서버 기념 패키지 3,200020
전설의 드래곤 상자,90141
스페셜 봄버 스킬 패키지,20137
초특가! 펫 성장 패키지,20138
젬블록 대장간 입문 바구니,90142
나노칩셋 오픈 패키지,90143
상급재료 지원 패키지,40006
신년맞이 한정할인 패키지,90144
기메르 확정 패키지,20145
에센셜 점핑 패키지,20146
월간 소탕권 패키지,80114
소탕권 평생 지원,40007
캐치업 패키지,90145
코어블록 패키지,90146
탱커 전용 스킬 특가,90147
워리어 전용 스킬 특가,90148
어쌔신 전용 스킬 특가,90149
스나이퍼 전용 스킬 특가,90150
봄버 전용 스킬 특가,90151
서포터 전용 스킬 특가,90152
,int
,KEY
뽑기의 정수 패키지,1010101
뽑기의 정수 패키지,1010102
뽑기의 정수 패키지,1010103
뽑기의 정수 패키지,1010104
뽑기의 정수 패키지,1010105
뽑기의 정수 패키지,1010106
입문자 패키지,2010101
입문자 패키지,2010102
입문자 패키지,2010103
입문자 패키지,2010104
입문자 패키지,2010105
입문자 패키지,2010106
숙련자 패키지,2010201
숙련자 패키지,2010202
숙련자 패키지,2010203
숙련자 패키지,2010204
숙련자 패키지,2010205
숙련자 패키지,2010206
숙련자 패키지,2010207
전문가 패키지,2010301
전문가 패키지,2010302
전문가 패키지,2010303
전문가 패키지,2010304
전문가 패키지,2010305
마스터 패키지,2010401
마스터 패키지,2010402
마스터 패키지,2010403
마스터 패키지,2010404
챔피온 패키지,2010501
챔피온 패키지,2010502
챔피온 패키지,2010503
챔피온 패키지,2010504
챔피온 패키지,2010505
챔피온 패키지,2010506
웰컴 드래곤 뽑기 상자,2010601
웰컴 드래곤 뽑기 상자,2010602
웰컴 드래곤 뽑기 상자,2010603
웰컴 드래곤 뽑기 상자,2010604
웰컴 펫 뽑기 상자,2010701
웰컴 펫 뽑기 상자,2010702
웰컴 펫 뽑기 상자,2010703
웰컴 펫 뽑기 상자,2010704
얼티메이트 패키지,2010801
얼티메이트 패키지,2010802
얼티메이트 패키지,2010803
얼티메이트 패키지,2010804
얼티메이트 패키지,2010805
얼티메이트 패키지,2010806
얼티메이트 패키지,2010807
얼티메이트 패키지,2010808
얼티메이트 패키지,2010809
슈퍼 점핑 패키지,2011301
슈퍼 점핑 패키지,2011302
슈퍼 점핑 패키지,2011303
슈퍼 점핑 패키지,2011304
슈퍼 점핑 패키지,2011305
레거시 크라운: 드래곤 에디션,2011401
레거시 크라운: 드래곤 에디션,2011402
레거시 크라운: 드래곤 에디션,2011403
레거시 크라운: 드래곤 에디션,2011404
레거시 크라운: 드래곤 에디션,2011405
레거시 크라운: 펫 에디션,2011501
레거시 크라운: 펫 에디션,2011502
레거시 크라운: 펫 에디션,2011503
레거시 크라운: 펫 에디션,2011504
레거시 크라운: 펫 에디션,2011505
월간 성장 패키지,8010801
월간 성장 패키지,8010802
월간 성장 패키지,8010803
월간 성장 패키지,8010804
월간 성장 패키지,8010805
고급 픽업 패키지-할싱세라피나,2011601
고급 픽업 패키지-할싱세라피나,2011602
고급 픽업 패키지-할싱세라피나,2011603
고급 픽업 패키지-할싱세라피나,2011604
고급 픽업 패키지-할싱세라피나,2011605
얼티밋 픽업 패키지-스나이퍼,2011701
얼티밋 픽업 패키지-스나이퍼,2011702
얼티밋 픽업 패키지-스나이퍼,2011703
얼티밋 픽업 패키지-스나이퍼,2011704
얼티밋 픽업 패키지-스나이퍼,2011705
얼티밋 픽업 패키지-스나이퍼,2011706
얼티밋 픽업 패키지-스나이퍼,2011707
고급 픽업 패키지,2011801
고급 픽업 패키지,2011802
고급 픽업 패키지,2011803
고급 픽업 패키지,2011804
고급 픽업 패키지,2011805
일반 픽업 패키지,2011901
일반 픽업 패키지,2011902
일반 픽업 패키지,2011903
일반 픽업 패키지,2011904
얼티밋 픽업 패키지-봄버,2012001
얼티밋 픽업 패키지-봄버,2012002
얼티밋 픽업 패키지-봄버,2012003
얼티밋 픽업 패키지-봄버,2012004
얼티밋 픽업 패키지-봄버,2012005
얼티밋 픽업 패키지-봄버,2012006
얼티밋 픽업 패키지-봄버,2012007
얼티밋 픽업 패키지1124,2013901
얼티밋 픽업 패키지1124,2013902
얼티밋 픽업 패키지1124,2013903
얼티밋 픽업 패키지1124,2013904
스페셜 봄버 스킬 패키지,2013701
스페셜 봄버 스킬 패키지,2013702
스페셜 봄버 스킬 패키지,2013703
스페셜 봄버 스킬 패키지,2013704
초특가! 펫 성장 패키지,2013801
초특가! 펫 성장 패키지,2013802
초특가! 펫 성장 패키지,2013803
초특가! 펫 성장 패키지,2013804
초특가! 펫 성장 패키지,2013805
기메르 확정 패키지,2014501
기메르 확정 패키지,2014502
기메르 확정 패키지,2014503
에센셜 점핑 패키지,2014601
에센셜 점핑 패키지,2014602
에센셜 점핑 패키지,2014603
매일 다이아 패키지,5010101
매일 다이아 패키지,5010102
매일 다이아 패키지,5010103
매일 드래곤 뽑기 상자,5010201
매일 드래곤 뽑기 상자,5010202
매일 드래곤 뽑기 상자,5010203
매일 펫 뽑기 상자,5010301
매일 펫 뽑기 상자,5010302
매일 펫 뽑기 상자,5010303
매일 잼블록 파밍 패키지,501041
매일 잼블록 파밍 패키지,501042
매일 잼블록 파밍 패키지,501043
매일 잼블록 파밍 패키지,501044
매일 타운 성장 패키지,501051
매일 타운 성장 패키지,501052
매일 타운 성장 패키지,501053
매일 타운 성장 패키지,501054
매일 타운 성장 패키지,501055
중급자 배터리 팩,6010101
중급자 배터리 팩,6010102
중급자 배터리 팩,6010103
상급자 배터리 팩,6010201
상급자 배터리 팩,6010202
상급자 배터리 팩,6010203
지하 던전 입문 바구니,6010301
지하 던전 입문 바구니,6010302
지하 던전 상급 바구니,6010401
지하 던전 상급 바구니,6010402
드래곤 슈퍼 성장 팩,6010501
드래곤 슈퍼 성장 팩,6010502
드래곤 슈퍼 성장 팩,6010503
드래곤 슈퍼 성장 팩,6010504
드래곤 슈퍼 성장 팩,6010505
펫 슈퍼성장 팩,6010601
펫 슈퍼성장 팩,6010602
펫 슈퍼성장 팩,6010603
펫 슈퍼성장 팩,6010604
패시브 스킬 큐브 패키지,6010701
패시브 스킬 큐브 패키지,6010702
패시브 스킬 큐브 패키지,6010703
주간 타운 성장 패키지,601081
주간 타운 성장 패키지,601082
주간 타운 성장 패키지,601083
주간 타운 성장 패키지,601084
일반 스킬 패키지,7010101
일반 스킬 패키지,7010102
일반 스킬 패키지,7010103
일반 스킬 패키지,7010104
일반 스킬 패키지,7010105
일반 스킬 패키지,7010106
일반 스킬 패키지,7010107
강화 스킬 패키지,7010201
강화 스킬 패키지,7010202
강화 스킬 패키지,7010203
강화 스킬 패키지,7010204
강화 스킬 패키지,7010205
강화 스킬 패키지,7010206
강화 스킬 패키지,7010207
마스터 스킬 패키지,7010301
마스터 스킬 패키지,7010302
마스터 스킬 패키지,7010303
마스터 스킬 패키지,7010304
마스터 스킬 패키지,7010305
마스터 스킬 패키지,7010306
마스터 스킬 패키지,7010307
탱커 전용 스킬 세트,7010401
탱커 전용 스킬 세트,7010402
탱커 전용 스킬 세트,7010403
탱커 전용 스킬 세트,7010404
워리어 전용 스킬 세트,7010501
워리어 전용 스킬 세트,7010502
워리어 전용 스킬 세트,7010503
워리어 전용 스킬 세트,7010504
어쌔신 전용 스킬 세트,7010601
어쌔신 전용 스킬 세트,7010602
어쌔신 전용 스킬 세트,7010603
어쌔신 전용 스킬 세트,7010604
스나이퍼 전용 스킬 세트,7010701
스나이퍼 전용 스킬 세트,7010702
스나이퍼 전용 스킬 세트,7010703
스나이퍼 전용 스킬 세트,7010704
봄버 전용 스킬 세트,7010801
봄버 전용 스킬 세트,7010802
봄버 전용 스킬 세트,7010803
봄버 전용 스킬 세트,7010804
서포터 전용 스킬 세트,7010901
서포터 전용 스킬 세트,7010902
서포터 전용 스킬 세트,7010903
서포터 전용 스킬 세트,7010904
최상급 드래곤 뽑기 패키지,8010101
최상급 드래곤 뽑기 패키지,8010102
최상급 드래곤 뽑기 패키지,8010103
최상급 드래곤 뽑기 패키지,8010104
마스터 펫 뽑기 패키지,8010201
마스터 펫 뽑기 패키지,8010202
마스터 펫 뽑기 패키지,8010203
마스터 펫 뽑기 패키지,8010204
마스터 펫 뽑기 패키지,8010205
월간 나침반 패키지,8010601
월간 나침반 패키지,8010602
월간 점핑 패키지,8010701
월간 점핑 패키지,8010702
월간 점핑 패키지,8010703
월간 점핑 패키지,8010704
월간 점핑 패키지,8010705
월간 소탕권 패키지,8011401
월간 소탕권 패키지,8011402
웰컴 팩,9010101
웰컴 팩,9010102
웰컴 팩,9010103
웰컴 팩,9010104
웰컴 팩,9010105
웰컴 팩,9010106
펫과 함께 팩,9010201
펫과 함께 팩,9010202
펫과 함께 팩,9010203
펫과 함께 팩,9010204
펫과 함께 팩,9010205
가성비 팩,9010301
가성비 팩,9010302
가성비 팩,9010303
가성비 팩,9010304
가성비 팩,9010305
가성비 팩,9010306
가성비 팩,9010307
월드 진입 팩,9010401
월드 진입 팩,9010402
월드 진입 팩,9010403
월드 진입 팩,9010404
월드 진입 팩,9010405
월드 진입 팩,9010406
월드 탐험 팩,9010501
월드 탐험 팩,9010502
월드 탐험 팩,9010503
월드 탐험 팩,9010504
월드 탐험 팩,9010505
월드 탐험 팩,9010506
월드 공략 팩,9010601
월드 공략 팩,9010602
월드 공략 팩,9010603
월드 공략 팩,9010604
월드 공략 팩,9010605
월드 공략 팩,9010606
월드 공략 팩,9010607
월드 돌파 팩,9010701
월드 돌파 팩,9010702
월드 돌파 팩,9010703
월드 돌파 팩,9010704
월드 돌파 팩,9010705
월드 돌파 팩,9010706
월드 돌파 팩,9010707
월드 돌파 팩,9010708
월드 정복 팩,9010801
월드 정복 팩,9010802
월드 정복 팩,9010803
월드 정복 팩,9010804
월드 정복 팩,9010805
월드 정복 팩,9010806
월드 정복 팩,9010807
월드 정복 팩,9010808
월드 마스터 팩,9010901
월드 마스터 팩,9010902
월드 마스터 팩,9010903
월드 마스터 팩,9010904
월드 마스터 팩,9010905
월드 마스터 팩,9010906
월드 마스터 팩,9010907
월드 마스터 팩,9010908
아레나의 증표,9011001
아레나의 증표,9011002
아레나의 증표,9011003
아레나의 증표,9011004
아레나의 증표,9011005
타운 구축 상자,9011101
타운 구축 상자,9011102
타운 구축 상자,9011103
타운 구축 상자,9011104
타운 여행 상자,9011201
타운 여행 상자,9011202
타운 여행 상자,9011203
타운 여행 상자,9011204
타운 성장 상자,9011301
타운 성장 상자,9011302
타운 성장 상자,9011303
타운 성장 상자,9011304
타운 발전 상자,9011401
타운 발전 상자,9011402
타운 발전 상자,9011403
타운 발전 상자,9011404
타운 발전 상자,9011405
타운 완성 상자,9011501
타운 완성 상자,9011502
타운 완성 상자,9011503
타운 완성 상자,9011504
타운 완성 상자,9011505
타운 완성 상자,9011506
던전 준비 상자,9011601
던전 준비 상자,9011602
던전 준비 상자,9011603
던전 준비 상자,9011604
던전 준비 상자,9011605
Lv.1 스페셜 스킬 큐브 패키지,9011701
Lv.1 스페셜 스킬 큐브 패키지,9011702
Lv.1 스페셜 스킬 큐브 패키지,9011703
Lv.2 스페셜 스킬 큐브 패키지,9011801
Lv.2 스페셜 스킬 큐브 패키지,9011802
Lv.2 스페셜 스킬 큐브 패키지,9011803
Lv.3 스페셜 스킬 큐브 패키지,9011901
Lv.3 스페셜 스킬 큐브 패키지,9011902
Lv.3 스페셜 스킬 큐브 패키지,9011903
Lv.3 스페셜 스킬 큐브 패키지,9011904
드래곤 초월 패키지,9012001
드래곤 초월 패키지,9012002
드래곤 초월 패키지,9012003
드래곤 초월 패키지,9012004
전설의 드래곤 상자,9014101
전설의 드래곤 상자,9014102
전설의 드래곤 상자,9014103
전설의 드래곤 상자,9014104
전설의 드래곤 상자,9014105
탱커 전용 스킬 특가,9014701
탱커 전용 스킬 특가,9014702
탱커 전용 스킬 특가,9014703
탱커 전용 스킬 특가,9014704
워리어 전용 스킬 특가,9014801
워리어 전용 스킬 특가,9014802
워리어 전용 스킬 특가,9014803
워리어 전용 스킬 특가,9014804
어쌔신 전용 스킬 특가,9014901
어쌔신 전용 스킬 특가,9014902
어쌔신 전용 스킬 특가,9014903
어쌔신 전용 스킬 특가,9014904
스나이퍼 전용 스킬 특가,9015001
스나이퍼 전용 스킬 특가,9015002
스나이퍼 전용 스킬 특가,9015003
스나이퍼 전용 스킬 특가,9015004
봄버 전용 스킬 특가,9015101
봄버 전용 스킬 특가,9015102
봄버 전용 스킬 특가,9015103
봄버 전용 스킬 특가,9015104
서포터 전용 스킬 특가,9015201
서포터 전용 스킬 특가,9015202
서포터 전용 스킬 특가,9015203
서포터 전용 스킬 특가,9015204
런칭기념패키지1,9090101
런칭기념패키지1,9090102
런칭기념패키지1,9090103
런칭기념패키지2,9090201
런칭기념패키지2,9090202
런칭기념패키지2,9090203
런칭기념패키지2,9090204
런칭기념패키지3,9090301
런칭기념패키지3,9090302
런칭기념패키지3,9090303
런칭기념패키지3,9090304
스토어 1위 기념 상품1,20001501
스토어 1위 기념 상품1,20001502
스토어 1위 기념 상품1,20001503
스토어 1위 기념 상품1,20001504
스토어 1위 기념 상품1,20001505
스토어 1위 기념 상품2,20001601
스토어 1위 기념 상품2,20001602
스토어 1위 기념 상품2,20001603
스토어 1위 기념 상품2,20001604
스토어 1위 기념 상품2,20001605
스토어 1위 기념 상품3,20001701
스토어 1위 기념 상품3,20001702
스토어 1위 기념 상품3,20001703
스토어 1위 기념 상품3,20001704
스토어 1위 기념 상품3,20001705
신규 서버 기념 패키지 1,20001706
신규 서버 기념 패키지 1,20001707
신규 서버 기념 패키지 1,20001708
신규 서버 기념 패키지 2,20001709
신규 서버 기념 패키지 2,20001710
신규 서버 기념 패키지 2,20001711
신규 서버 기념 패키지 2,20001712
신규 서버 기념 패키지 3,20001713
신규 서버 기념 패키지 3,20001714
신규 서버 기념 패키지 3,20001715
신규 서버 기념 패키지 3,20001716
탱커류 성장 패키지,91500011
탱커류 성장 패키지,91500012
탱커류 성장 패키지,91500013
워리어류 성장 패키지,91500021
워리어류 성장 패키지,91500022
워리어류 성장 패키지,91500023
어쌔신류 성장 패키지,91500031
어쌔신류 성장 패키지,91500032
어쌔신류 성장 패키지,91500033
봄버류 성장 패키지,91500041
봄버류 성장 패키지,91500042
봄버류 성장 패키지,91500043
스나이퍼류 성장패키지,91500051
스나이퍼류 성장패키지,91500052
스나이퍼류 성장패키지,91500053
서포터류 성장패키지,91500061
서포터류 성장패키지,91500062
서포터류 성장패키지,91500063
다이아 330 세트,10010101
다이아 330 세트,10010102
다이아 550 세트,10010201
다이아 550 세트,10010202
다이아 1100 세트,10010301
다이아 1100 세트,10010302
다이아 2200 세트,10010401
다이아 2200 세트,10010402
빛나는 다이아 보따리,10010501
빛나는 다이아 보따리,10010502
프리미엄 다이아 상자,10010601
프리미엄 다이아 상자,10010602
로열 다이아 상자,10010701
로열 다이아 상자,10010702
직업 확률업 패키지,10001
직업 확률업 패키지,10002
직업 확률업 패키지,10003
직업 확률업 패키지,10004
직업 확률업 패키지,10005
직업 확률업 패키지,10006
직업 확률업 패키지,10007
직업 확률업 패키지,10008
직업 확률업 패키지,10009
스타터 패키지,10010
스타터 패키지,10011
스타터 패키지,10012
스타터 패키지,10013
스타터 패키지,10014
스타터 패키지,10015
초보자 패키지,10016
초보자 패키지,10017
초보자 패키지,10018
초보자 패키지,10019
초보자 패키지,10020
초보자 패키지,10021
초보자 패키지,10022
광고 제거 패키지,10291
광고 제거 패키지,10023
광고 제거 패키지,10024
광고 제거 패키지,10025
광고 제거 패키지,10026
전투속도 2.5배 패키지,12000
전투속도 2.5배 패키지,12001
전투속도 2.5배 패키지,12002
전투속도 2.5배 패키지,12003
전투속도 2.5배 패키지,12004
레전더리 패키지,201091
레전더리 패키지,201092
레전더리 패키지,201093
레전더리 패키지,201094
레전더리 패키지,201095
초특가! 유니크 패키지,201101
초특가! 유니크 패키지,201102
초특가! 유니크 패키지,201103
초특가! 유니크 패키지,201104
초특가! 유니크 패키지,201105
제련소 지원 패키지,201111
제련소 지원 패키지,201112
제련소 지원 패키지,201113
제련소 지원 패키지,201114
나침반 평생 지원 패키지,201121
나침반 평생 지원 패키지,201122
성장의 정수 패키지,801031
성장의 정수 패키지,801032
성장의 정수 패키지,801033
성장의 정수 패키지,801034
성장의 정수 패키지,801035
고급 드래곤 뽑기 패키지,801041
고급 드래곤 뽑기 패키지,801042
고급 드래곤 뽑기 패키지,801043
고급 드래곤 뽑기 패키지,801044
고급 펫 뽑기 패키지,801051
고급 펫 뽑기 패키지,801052
고급 펫 뽑기 패키지,801053
고급 펫 뽑기 패키지,801054
젬블록 대장간 입문 바구니,901421
젬블록 대장간 입문 바구니,901422
젬블록 대장간 입문 바구니,901423
젬블록 대장간 입문 바구니,901424
젬블록 대장간 입문 바구니,901425
나노칩셋 오픈 패키지,901431
나노칩셋 오픈 패키지,901432
나노칩셋 오픈 패키지,901433
신년맞이 한정할인 패키지,901441
신년맞이 한정할인 패키지,901442
신년맞이 한정할인 패키지,901443
캐치업 패키지,901451
캐치업 패키지,901452
캐치업 패키지,901453
캐치업 패키지,901454
진열장 성장 패키지,901461
진열장 성장 패키지,901462
진열장 성장 패키지,901463
진열장 성장 패키지,901464
진열장 성장 패키지,901465
진열장 성장 패키지,901466
진열장 성장 패키지,901467
상급재료 지원 패키지,400061
상급재료 지원 패키지,400062
상급재료 지원 패키지,400063
상급재료 지원 패키지,400064
상급재료 지원 패키지,400065
소탕권 평생 지원,400071
소탕권 평생 지원,400072
웰컴 캐릭터 뽑기 패키지,10029
웰컴 캐릭터 뽑기 패키지,10030
웰컴 캐릭터 뽑기 패키지,10031
웰컴 캐릭터 뽑기 패키지,10032
웰컴 캐릭터 뽑기 패키지,10033
웰컴 펫 뽑기 패키지,10034
웰컴 펫 뽑기 패키지,10035
웰컴 펫 뽑기 패키지,10036
웰컴 펫 뽑기 패키지,10037
웰컴 펫 뽑기 패키지,10038
매일 아레나 패키지,10039
매일 아레나 패키지,10040
매일 탐험 패키지,10041
매일 탐험 패키지,10042
매일 생산 패키지,10043
매일 생산 패키지,10044
매일 성장 패키지,10045
매일 성장 패키지,10046
매일 캐릭터 뽑기 패키지,10047
매일 캐릭터 뽑기 패키지,10048
매일 캐릭터 뽑기 패키지,10049
매일 펫 뽑기 패키지,10050
매일 펫 뽑기 패키지,10051
매일 펫 뽑기 패키지,10052
매일 무료 혜택,10053
평생 지원 패키지1,10054
평생 지원 패키지2,10055
월간 다이아 패키지,10056
월간 다이아 패키지,10057
월간 뽑기 패키지,10058
월간 뽑기 패키지,10059
영롱한 다이아 패키지,10060
영롱한 다이아 패키지,10061
알뜰한 배터리 패키지,10062
알뜰한 배터리 패키지,10063
고용량 배터리 패키지,10064
고용량 배터리 패키지,10065
대용량 배터리 패키지,10066
대용량 배터리 패키지,10067
알뜰 성장 패키지,10068
알뜰 성장 패키지,10069
알뜰 성장 패키지,10070
알뜰 성장 패키지,10071
알뜰 성장 패키지,10072
알뜰 성장 패키지,10073
알뜰 성장 패키지,10074
알뜰 성장 패키지,10075
알뜰 성장 패키지,10076
빠른 성장 패키지,10077
빠른 성장 패키지,10078
빠른 성장 패키지,10079
빠른 성장 패키지,10080
빠른 성장 패키지,10081
빠른 성장 패키지,10082
빠른 성장 패키지,10083
빠른 성장 패키지,10084
빠른 성장 패키지,10085
쾌속 성장 패키지,10086
쾌속 성장 패키지,10087
쾌속 성장 패키지,10088
쾌속 성장 패키지,10089
쾌속 성장 패키지,10090
쾌속 성장 패키지,10091
쾌속 성장 패키지,10092
쾌속 성장 패키지,10093
쾌속 성장 패키지,10094
펫 종합성장 패키지,10095
펫 종합성장 패키지,10027
펫 종합성장 패키지,10096
펫 종합성장 패키지,10097
펫 종합성장 패키지,10098
영롱한 스킬 패키지,10099
영롱한 스킬 패키지,10100
영롱한 스킬 패키지,10101
영롱한 스킬 패키지,10102
영롱한 스킬 패키지,10103
영롱한 스킬 패키지,10104
영롱한 스킬 패키지,10105
빛나는 스킬 패키지,10106
빛나는 스킬 패키지,10107
빛나는 스킬 패키지,10108
빛나는 스킬 패키지,10109
빛나는 스킬 패키지,10110
빛나는 스킬 패키지,10111
빛나는 스킬 패키지,10112
찬란한 스킬 패키지,10113
찬란한 스킬 패키지,10114
찬란한 스킬 패키지,10115
찬란한 스킬 패키지,10116
찬란한 스킬 패키지,10117
찬란한 스킬 패키지,10118
찬란한 스킬 패키지,10119
탱 스킬 패키지,10120
탱 스킬 패키지,10121
탱 스킬 패키지,10122
탱 스킬 패키지,10123
딜탱 스킬 패키지,10124
딜탱 스킬 패키지,10125
딜탱 스킬 패키지,10126
딜탱 스킬 패키지,10127
암살 스킬 패키지,10128
암살 스킬 패키지,10129
암살 스킬 패키지,10130
암살 스킬 패키지,10131
원딜 스킬 패키지,10132
원딜 스킬 패키지,10133
원딜 스킬 패키지,10134
원딜 스킬 패키지,10135
광딜 스킬 패키지,10136
광딜 스킬 패키지,10137
광딜 스킬 패키지,10138
광딜 스킬 패키지,10139
서폿 스킬 패키지,10140
서폿 스킬 패키지,10141
서폿 스킬 패키지,10142
서폿 스킬 패키지,10143
최상급 뽑기 패키지,10144
최상급 뽑기 패키지,10145
최상급 뽑기 패키지,10146
최상급 뽑기 패키지,10147
최상급 뽑기 패키지,10148
최상급 뽑기 패키지,10149
한가위 패키지1,10150
한가위 패키지1,10151
한가위 패키지1,10152
한가위 패키지1,10153
한가위 패키지2,10154
한가위 패키지2,10155
한가위 패키지2,10156
한가위 패키지2,10157
한가위 패키지2,10158
한가위 패키지3,10159
한가위 패키지3,10160
한가위 패키지3,10161
한가위 패키지3,10162
한가위 패키지3,10163
한가위 패키지3,10164
한가위 패키지4,10165
한가위 패키지4,10166
한가위 패키지4,10167
한가위 패키지4,10168
한가위 패키지4,10169
한가위 패키지4,10170
웰컴 패키지,10171
웰컴 패키지,10172
웰컴 패키지,10173
웰컴 패키지,10174
웰컴 패키지,10175
웰컴 패키지,10176
펫과 함께 패키지,10177
펫과 함께 패키지,10178
펫과 함께 패키지,10179
펫과 함께 패키지,10180
펫과 함께 패키지,10181
가성비 패키지,10182
가성비 패키지,10183
가성비 패키지,10184
가성비 패키지,10185
가성비 패키지,10186
가성비 패키지,10187
가성비 패키지,10188
월드 진입 패키지,10189
월드 진입 패키지,10190
월드 진입 패키지,10191
월드 진입 패키지,10192
월드 진입 패키지,10193
월드 탐험 패키지,10194
월드 탐험 패키지,10195
월드 탐험 패키지,10196
월드 탐험 패키지,10197
월드 탐험 패키지,10198
월드 탐험 패키지,10199
월드 공략 패키지,10200
월드 공략 패키지,10201
월드 공략 패키지,10202
월드 공략 패키지,10203
월드 공략 패키지,10204
월드 공략 패키지,10205
월드 공략 패키지,10206
월드 돌파 패키지,10207
월드 돌파 패키지,10208
월드 돌파 패키지,10209
월드 돌파 패키지,10210
월드 돌파 패키지,10211
월드 돌파 패키지,10212
월드 돌파 패키지,10213
월드 돌파 패키지,10214
월드 정복 패키지,10215
월드 정복 패키지,10216
월드 정복 패키지,10217
월드 정복 패키지,10218
월드 정복 패키지,10219
월드 정복 패키지,10220
월드 정복 패키지,10221
월드 정복 패키지,10222
아레나 전투원 패키지,10223
아레나 전투원 패키지,10224
아레나 전투원 패키지,10225
아레나 전투원 패키지,10226
아레나 전투원 패키지,10227
아레나 전투광 패키지,10228
아레나 전투광 패키지,10229
아레나 전투광 패키지,10230
아레나 전투광 패키지,10231
아레나 전투광 패키지,10232
아레나 전투광 패키지,10233
아레나 전투왕 패키지,10234
아레나 전투왕 패키지,10235
아레나 전투왕 패키지,10236
아레나 전투왕 패키지,10237
아레나 전투왕 패키지,10238
아레나 전투왕 패키지,10239
아레나 전투신 패키지,10240
아레나 전투신 패키지,10241
아레나 전투신 패키지,10242
아레나 전투신 패키지,10243
아레나 전투신 패키지,10244
아레나 전투신 패키지,10245
아레나 전투신 패키지,10246
복수의 아레나 패키지,10247
복수의 아레나 패키지,10248
복수의 아레나 패키지,10249
복수의 아레나 패키지,10250
복수의 아레나 패키지,10251
복수의 아레나 패키지,10252
복수의 아레나 패키지,10253
타운 구축 패키지,10254
타운 구축 패키지,10255
타운 구축 패키지,10256
타운 구축 패키지,10257
타운 여행 패키지,10258
타운 여행 패키지,10259
타운 여행 패키지,10260
타운 여행 패키지,10261
타운 성장 패키지,10262
타운 성장 패키지,10263
타운 성장 패키지,10264
타운 성장 패키지,10265
타운 성장 패키지,10266
타운 성장 패키지,10267
타운 성장 패키지,10268
타운 발전 패키지,10269
타운 발전 패키지,10270
타운 발전 패키지,10271
타운 발전 패키지,10272
타운 발전 패키지,10273
타운 발전 패키지,10274
타운 발전 패키지,10275
타운 완성 패키지,10276
타운 완성 패키지,10277
타운 완성 패키지,10278
타운 완성 패키지,10279
타운 완성 패키지,10280
타운 완성 패키지,10281
타운 완성 패키지,10282
다이아 묶음,10283
다이아 꾸러미,10284
다이아 보따리,10285
다이아 상자,10286
영롱한 다이아 상자,10287
빛나는 다이아 상자,10288
찬란한 다이아 상자,10289
영롱한 골드상자,10290
중급자 패키지,10294
중급자 패키지,10292
중급자 패키지,10293
상급자 패키지,10301
상급자 패키지,10302
상급자 패키지,10303
상급자 패키지,10304
최상급자 패키지,10311
최상급자 패키지,10312
최상급자 패키지,10313
아레나 전투병 패키지,10321
아레나 전투병 패키지,10322
아레나 전투병 패키지,10323
아레나 전투병 패키지,10324
아레나 전투병 패키지,10325
마스터 패키지,10331
마스터 패키지,10332
마스터 패키지,10333
마스터 패키지,10334
마스터 패키지,10335
챌린저 패키지,10341
챌린저 패키지,10342
챌린저 패키지,10343
챌린저 패키지,10344
챌린저 패키지,10345
챔피온 패키지,10351
챔피온 패키지,10352
챔피온 패키지,10353
챔피온 패키지,10354
챔피온 패키지,10355
할로윈 패키지,10361
할로윈 패키지,10362
할로윈 패키지,10363
마녀 선물 패키지,10371
마녀 선물 패키지,10372
마녀 선물 패키지,10373
마녀 선물 패키지,10374
마녀 보물 패키지,10381
마녀 보물 패키지,10382
마녀 보물 패키지,10383
마녀 보물 패키지,10384
마녀 보물 패키지,10385
슈퍼 성장 패키지,10386
슈퍼 성장 패키지,10387
슈퍼 성장 패키지,10388
슈퍼 성장 패키지,10389
슈퍼 성장 패키지,10390
슈퍼 성장 패키지,10391
슈퍼 성장 패키지,10392
슈퍼 성장 패키지,10393
주간 성장 혜택_지하 던전 입문 박스,10394
주간 성장 혜택_지하 던전 입문 박스,10395
주간 성장 혜택_지하 던전 상급 박스,10396
주간 성장 혜택_지하 던전 상급 박스,10397
전설 도전 패키지,11101
전설 도전 패키지,11102
전설 도전 패키지,11103
펫 슈퍼 강화 패키지,11201
펫 슈퍼 강화 패키지,11202
펫 슈퍼 강화 패키지,11203
펫 슈퍼 강화 패키지,11204
매일 무료 혜택,20001
평생 지원 패키지1,20002
평생 지원 패키지2,20003
월간 다이아 패키지,20004
월간 뽑기 패키지,20005
나침반 평생 지원 패키지,20006
월간 나침반 패키지,20007
소탕권 평생 지원,20008
월간 소탕권 패키지,20009
일일 출석체크 보상_일반_1,30001
일일 출석체크 보상_일반_2_4렙 배터리,30002
일일 출석체크 보상_일반_3_일반 뽑기권,30003
일일 출석체크 보상_일반_4,30004
일일 출석체크 보상_일반_5,30005
일일 출석체크 보상_일반_6_코어블록,30006
일일 출석체크 보상_일반_7,30007
일일 출석체크 보상_일반_8,30008
일일 출석체크 보상_일반_9_4렙 배터리,30009
일일 출석체크 보상_일반_10_일반 펫 뽑기권,30010
일일 출석체크 보상_일반_11_칩셋블록,30011
일일 출석체크 보상_일반_12,30012
일일 출석체크 보상_일반_13_코어블록,30013
일일 출석체크 보상_일반_14,30014
일일 출석체크 보상_일반_15,30015
일일 출석체크 보상_일반_16_4렙 배터리,30016
일일 출석체크 보상_일반_17_상급 뽑기권,30017
일일 출석체크 보상_일반_18_엘리멘탈블록,30018
일일 출석체크 보상_일반_19,30019
일일 출석체크 보상_일반_20_코어블록,30020
일일 출석체크 보상_일반_21,30021
일일 출석체크 보상_일반_22,30022
일일 출석체크 보상_일반_23_4렙배터리,30023
일일 출석체크 보상_일반_24_30000004,30024
일일 출석체크 보상_일반_25,30025
일일 출석체크 보상_일반_26,30026
일일 출석체크 보상_일반_27_코어블록,30027
일일 출석체크 보상_일반_28,30028
일일 출석체크 보상_홀더,30029
할로윈 이벤트 출석_1,30101
할로윈 이벤트 출석_2,30102
할로윈 이벤트 출석_3,30103
할로윈 이벤트 출석_4,30104
할로윈 이벤트 출석_5,30105
할로윈 이벤트 출석_6,30106
할로윈 이벤트 출석_7,30107
신규 유저 출석 이벤트 1,30201
신규 유저 출석 이벤트 2,30202
신규 유저 출석 이벤트 3,30203
신규 유저 출석 이벤트 4,30204
신규 유저 출석 이벤트 5,30205
신규 유저 출석 이벤트 6,30206
신규 유저 출석 이벤트 7,30207
1029 신규 유저 출석이벤트 1,30208
1029 신규 유저 출석이벤트 2,30209
1030 신규 유저 출석이벤트 3,30210
1030 신규 유저 출석이벤트 4,30211
1030 신규 유저 출석이벤트 5,30212
1031 신규 유저 출석이벤트 6,30213
1031 신규 유저 출석이벤트 7,30214
25크리스마스 출석체크,30215
25크리스마스 출석체크,30216
25크리스마스 출석체크,30217
25크리스마스 출석체크,30218
25크리스마스 출석체크,30219
25크리스마스 출석체크,30220
25크리스마스 출석체크,30221
26 설날 출석체크,30222
26 설날 출석체크,30223
26 설날 출석체크,30224
26 설날 출석체크,30225
스테이지 클리어 이벤트 보상,70001
사전예약 운영 이벤트 보상_1,70011
사전예약 운영 이벤트 보상_2,70012
사전예약 운영 이벤트 보상_3,70013
사전예약 운영 이벤트 보상_4,70014
사전예약 운영 이벤트 보상_5,70015
접속 보상_운영 이벤트_1,70021
접속 보상_운영 이벤트_2,70031
접속 보상_운영 이벤트_3,70041
접속 보상_운영 이벤트_4,70051
할로윈 접속 보상_오전,70061
할로윈 접속 보상_오후,70071
10월 30일 특별 보상,70081
추석 연휴 접속 보상 1일차,71011
추석 연휴 접속 보상 1일차,71012
추석 연휴 접속 보상 2일차,71021
추석 연휴 접속 보상 2일차,71022
추석 연휴 접속 보상 2일차,71023
추석 연휴 접속 보상 2일차,71024
추석 연휴 접속 보상 2일차,71025
추석 연휴 접속 보상 2일차,71026
추석 연휴 접속 보상 2일차,71027
추석 연휴 접속 보상 2일차,71028
추석 연휴 접속 보상 3일차,71031
추석 연휴 접속 보상 3일차,71032
추석 연휴 접속 보상 4일차,71041
추석 연휴 접속 보상 4일차,71042
추석 연휴 접속 보상 5일차,71051
추석 연휴 접속 보상 5일차,71052
추석 연휴 접속 보상 6일차,71061
추석 연휴 접속 보상 6일차,71062
프로모션 레어 뽑기권 보상,80001
구글 인스톨 프로모션-레어드래곤뽑기권,80002
구글 인스톨 프로모션-lv4건전지,80003
럭키박스 이벤트 보상 1,80004
럭키박스 이벤트 보상 2,80005
아트블록 오류 보상,80006
서버 접속 오류 보상,80007
토이 홀리데이 파티 접속 보상,80008
0827서버 접속 오류 보상,80009
0827또서버 접속 오류 보상,80010
0903정기점검보상,80011
인기 1위 기념 노말푸시,80012
인기 1위 기념 노말푸시,80013
인기 1위 기념 스페셜푸시,80014
0908 빵꾸 보상,80015
0908 빵꾸 보상,80016
0908 빵꾸 보상,80017
250910정기점검보상,80018
250917정기점검보상2시간,80019
250924정기점검보상3시간,80020
250924정기점검보상4시간,80021
250924연장점검보상2시간,80022
점검보상1시간,80023
구글  포인트_다이아 300,100001
구글  포인트_상급 드래곤 뽑기권10,100002
구글  포인트_상급 펫 뽑기권(보너스) 10,100003
시즌 4 이벤트 보상_최상급 뽑기권 20장,100004
시즌 4 이벤트 보상_최상급 뽑기권 10장,100005
시즌 4 이벤트 보상_유니크 젬 블록 6종,100006
시즌 4 이벤트 보상_유니크 젬 블록 6종,100007
시즌 4 이벤트 보상_유니크 젬 블록 6종,100008
시즌 4 이벤트 보상_유니크 젬 블록 6종,100009
시즌 4 이벤트 보상_유니크 젬 블록 6종,100010
시즌 4 이벤트 보상_유니크 젬 블록 6종,100011
시즌 4 이벤트 보상_3종,100012
시즌 4 이벤트 보상_3종,100013
시즌 4 이벤트 보상_3종,100014
시즌 4 이벤트 보상_상급 뽑기권 10장,100015
홀리데이 이벤트 보상 1,100016
홀리데이 이벤트 보상 1,100017
홀리데이 이벤트 보상 2,100018
홀리데이 이벤트 보상 2,100019
홀리데이 이벤트 보상 3,100020
홀리데이 이벤트 보상 3,100021
홀리데이 이벤트 보상 4,100022
홀리데이 이벤트 보상 4,100023
홀리데이 이벤트 보상 5,100024
홀리데이 이벤트 보상 5,100025
홀리데이 이벤트 보상 6,100026
홀리데이 이벤트 보상 6,100027
홀리데이 이벤트 보상 7,100028
홀리데이 이벤트 보상 7,100029
홀리데이 이벤트 보상 8,100030
홀리데이 이벤트 보상 9,100031
홀리데이 이벤트 보상 10,100032
홀리데이 이벤트 보상 11,100033
홀리데이 이벤트 보상 12,100034
홀리데이 이벤트 보상 13,100035
홀리데이 이벤트 보상 14,100036
홀리데이 이벤트 보상 15,100037
홀리데이 이벤트 보상 16,100038
홀리데이 이벤트 보상 16,100039
홀리데이 이벤트 보상 16,100040
홀리데이 이벤트 보상 16,100041
홀리데이 이벤트 보상 16,100042
홀리데이 이벤트 보상 16,100043
홀리데이 이벤트 보상 17,100044
홀리데이 이벤트 보상 17,100045
홀리데이 이벤트 보상 17,100046
홀리데이 이벤트 보상 17,100047
홀리데이 이벤트 보상 17,100048
홀리데이 이벤트 보상 17,100049
홀리데이 이벤트 보상 18,100050
홀리데이 이벤트 보상 18,100051
홀리데이 이벤트 보상 18,100052
홀리데이 이벤트 보상 18,100053
홀리데이 이벤트 보상 18,100054
홀리데이 이벤트 보상 18,100055
홀리데이 이벤트 보상 19,100056
홀리데이 이벤트 보상 19,100057
홀리데이 이벤트 보상 19,100058
홀리데이 이벤트 보상 20,100059
홀리데이 이벤트 보상 20,100060
홀리데이 이벤트 보상 20,100061
홀리데이 이벤트 보상 21,100062
홀리데이 이벤트 보상 21,100063
홀리데이 이벤트 보상 21,100064
홀리데이 이벤트 보상 22,100065
홀리데이 이벤트 보상 22,100066
홀리데이 이벤트 보상 22,100067
크리스마스 선물상자1,200001
크리스마스 선물상자2,200002
크리스마스 선물상자3,200003
2025 홀리데이 1단계 선물 x 5,300001
2025 홀리데이 1단계 선물 x 5,300002
2025 홀리데이 1단계 선물 x 5,300003
2025 홀리데이 1단계 선물 x 5,300004
2025 홀리데이 1단계 선물 x 5,300005
2025 홀리데이 1단계 선물 x 5,300006
2025 홀리데이 레전더리 뽑기권,300007
복주머니 이벤트 출석 1일차,400001
복주머니 이벤트 출석 2일차,400002
복주머니 이벤트 출석 3일차,400003
복주머니 이벤트 출석 4일차,400004
복주머니 이벤트 출석 5일차,400005
복주머니 이벤트 출석 6일차,400006
복주머니 이벤트 출석 7일차,400007
아레나 7시즌 이벤트,400008
핫 위크 1월 24일,400101
핫 위크 1월 24일,400102
핫 위크 1월 24일,400103
핫 위크 1월 25일,400104
핫 위크 1월 25일,400105
핫 위크 1월 25일,400106
핫 위크 1월 25일,400107
핫 위크 1월 25일,400108
핫 위크 1월 25일,400109
핫 위크 1월 26일,400110
핫 위크 1월 26일,400111
핫 위크 1월 26일,400112
핫 위크 1월 26일,400113
핫 위크 1월 26일,400114
핫 위크 1월 26일,400115
핫 위크 1월 26일,400116
핫 위크 1월 26일,400117
핫 위크 1월 26일,400118
핫 위크 1월 27일,400119
핫 위크 1월 27일,400120
핫 위크 1월 27일,400121
핫 위크 1월 27일,400122
핫 위크 1월 27일,400123
핫 위크 1월 27일,400124
핫 위크 1월 27일,400125
핫 위크 1월 27일,400126
핫 위크 1월 27일,400127
핫 위크 1월 27일,400128
핫 위크 1월 27일,400129
핫 위크 1월 27일,400130
핫 위크 1월 28일,400131
핫 위크 1월 28일,400132
핫 위크 1월 28일,400133
핫 위크 1월 28일,400134
핫 위크 1월 28일,400135
핫 위크 1월 28일,400136
핫 위크 1월 28일,400137
핫 위크 1월 28일,400138
핫 위크 1월 28일,400139
핫 위크 1월 28일,400140
핫 위크 1월 28일,400141
핫 위크 1월 28일,400142
핫 위크 1월 28일,400143
핫 위크 1월 28일,400144
핫 위크 1월 28일,400145
핫 위크 1월 29일,400146
핫 위크 1월 29일,400147
핫 위크 1월 29일,400148
핫 위크 1월 29일,400149
핫 위크 1월 29일,400150
핫 위크 1월 29일,400151
핫 위크 1월 29일,400152
핫 위크 1월 29일,400153
핫 위크 1월 29일,400154
핫 위크 1월 29일,400155
핫 위크 1월 29일,400156
핫 위크 1월 29일,400157
핫 위크 1월 29일,400158
핫 위크 1월 29일,400159
핫 위크 1월 29일,400160
핫 위크 1월 29일,400161
핫 위크 1월 29일,400162
핫 위크 1월 30일,400163
핫 위크 1월 30일,400164
핫 위크 1월 30일,400165
핫 위크 1월 30일,400166
핫 위크 1월 30일,400167
핫 위크 1월 30일,400168
핫 위크 1월 30일,400169
핫 위크 1월 30일,400170
핫 위크 1월 30일,400171
핫 위크 1월 30일,400172
핫 위크 1월 30일,400173
핫 위크 1월 30일,400174
핫 위크 1월 30일,400175
핫 위크 1월 30일,400176
핫 위크 1월 30일,400177
핫 위크 1월 30일,400178
핫 위크 1월 30일,400179
핫 위크 1월 30일,400180
레벨패스 스페셜 패스,999998
배틀패스 스페셜 패스,999999
원스토어쿠폰-다이아100,9900011
원스토어쿠폰-보너스뽑기10,9900012
원스토어쿠폰-보너스팻뽑기10,9900013
원스토어쿠폰-나침반30,9900014
사업쿠폰-최상급뽑기권10,9900015
크리에이터 쿠폰 1,9900016
고비패스-상급 드래곤 뽑기권,110001
고비패스-최상급 펫 뽑기권,110002
고비패스-보너스 드래곤 뽑기권,110003
고비패스-보너스 펫 뽑기권,110004
고비패스-Lv.8 건전지,110005
고비패스-엘리멘탈 블록,110006
고비패스-나침반,110007
고비패스-아레나 입장권,110008
고비패스-다이아,110009
고비패스-고비드래곤,110010
고비패스-이뮤드래곤,110011
커뮤니티-최상급 펫 뽑기권,110012
커뮤니티-상급 드래곤 뽑기권,110013
커뮤니티-다이아,110014
커뮤니티-최상급 펫 뽑기권,110015
커뮤니티-상급 드래곤 뽑기권,110016
커뮤니티-다이아,110017
커뮤니티-최상급 펫 뽑기권,110018
커뮤니티-상급 드래곤 뽑기권,110019
커뮤니티-커뮤니티-다이아,110020
커뮤니티-최상급 펫 뽑기권,110021
커뮤니티-상급 드래곤 뽑기권,110022
커뮤니티-다이아,110023
커뮤니티-최상급 펫 뽑기권,110024
커뮤니티-상급 드래곤 뽑기권,110025
커뮤니티-다이아,110026
커뮤니티-최상급 펫 뽑기권,110027
커뮤니티-상급 드래곤 뽑기권,110028
커뮤니티-다이아,110029
인플루언서 대-최상급 펫 뽑기권,110044
인플루언서 대-상급 드래곤 뽑기권,110045
인플루언서 대-다이아,110046
인플루언서 중-최상급 펫 뽑기권,110047
인플루언서 중-상급 드래곤 뽑기권,110048
인플루언서 중-다이아,110049
인플루언서 소-최상급 펫 뽑기권,110050
인플루언서 소-상급 드래곤 뽑기권,110051
인플루언서 소-다이아,110052
텍스트 배틀-다이아 5000개,110053
텍스트 배틀-다이아 3000개,110054
텍스트 배틀-다이아 1000개,110055
텍스트 배틀-다이아 800개,110056
텍스트 배틀-다이아 600개,110057
텍스트 배틀-보너스 펫 뽑기권 30장,110058
텍스트 배틀-보너스 펫 뽑기권 20장,110059
텍스트 배틀-보너스 펫 뽑기권 10장,110060
텍스트 배틀-보너스 펫 뽑기권 5장,110061
아이템베이쿠폰,110182
고비패스 오지급 보상,110183
루나서버오픈기념쿠폰,110184
루나서버오픈기념쿠폰,110185
루나서버오픈기념쿠폰,110186
DRGNRISE,110187
DRGNRISE,110188
